pestname,remedy
Beet Armyworm,"Use biological control agents like Trichogramma wasps or apply neem-based insecticides. Practice crop rotation and remove weeds."
Black Hairy,"Spray with neem oil or insecticidal soap. Encourage natural predators like ladybugs."
Cutworm,"Use collars around seedlings, apply Bacillus thuringiensis (Bt), or use bait traps."
Field Cricket,"Remove debris and weeds to reduce habitat. Use insecticidal baits if necessary."
Jute Aphid,"Spray with neem oil or soapy water. Introduce natural predators like lacewings."
Jute Hairy,"Apply neem-based pesticides or insecticidal soap. Maintain field hygiene."
Jute Red Mite,"Spray with miticides or neem oil. Ensure proper irrigation to reduce mite populations."
Jute Semilooper,"Use Bt-based insecticides or neem oil. Handpick larvae if infestation is low."
Jute Stem Girdler,"Remove and destroy infested plants. Apply systemic insecticides if necessary."
Jute Stem Weevil,"Practice crop rotation and use neem-based pesticides. Remove infected plant debris."
Leaf Beetle,"Apply neem oil or pyrethrin-based insecticides. Encourage natural predators."
Mealybug,"Spray with neem oil or insecticidal soap. Introduce natural enemies like Cryptolaemus montrouzieri."
Pod Borer,"Use Bt-based insecticides or neem oil. Monitor crops regularly for early detection."
Scopula Emissaria,"Apply neem-based pesticides or synthetic insecticides. Maintain field hygiene."
Termite,"Use termite-resistant varieties, apply chlorpyrifos, or use bait stations."
Termite odontotermes (Rambur),"Apply chlorpyrifos or fipronil. Use physical barriers like trenches around fields."
Yellow Mite,"Spray with miticides or neem oil. Ensure proper irrigation and field hygiene."